time_submitted,participant_ID,email_server,number_names
2017-07-14T11:54:46Z,146,wfykmnavp.sba,2
2017-07-14T10:13:10Z,103,f.xot,2
2017-07-14T10:14:02Z,53,jswrvk.rlu,2
2017-07-14T10:16:39Z,78,gojaxu.odw,2
2017-07-14T11:17:02Z,136,eysxlro.tmo,2
2017-07-16T03:07:14Z,132,oxratdlcun.auv,2
2017-07-17T02:25:47Z,64,lrods.eot,2
2017-07-17T05:26:59Z,82,kzod.eyk,2
2017-07-18T16:29:21Z,156,zdoapeqjt.qyw,2
2017-07-14T10:19:34Z,19,jzbmy.phr,2
2017-07-14T13:20:04Z,101,fouwlixz.xjy,2
2017-07-17T03:26:39Z,23,mhesldq.jgo,2
2017-07-21T11:36:54Z,115,c.rbk,2
2017-07-14T12:33:09Z,126,inek.fxz,2
2017-07-14T16:44:55Z,162,xvfahp.gkv,2
2017-07-14T20:54:19Z,31,ymtbcd.tpf,2
2017-07-15T09:32:49Z,102,j.mpw,2
2017-07-17T17:28:03Z,24,pqmnjsrwgk.rku,2
2017-07-21T00:16:14Z,42,dmyvsfzwcr.lhi,2
2017-07-14T13:09:09Z,79,ufmyg.ngm,2
2017-07-14T14:02:38Z,137,ixph.zrl,2
2017-07-19T09:27:11Z,93,rxagdbe.ywo,2
2017-07-25T18:48:23Z,144,y.zrl,2
2017-07-14T14:42:31Z,54,vuebh.bvh,2
2017-07-17T18:44:41Z,89,eaxh.aqs,2
2017-07-14T12:32:51Z,107,wujxga.njc,2
2017-07-14T10:07:59Z,76,yari.ctx,2
2017-07-14T11:58:52Z,45,iubrvd.wcm,2
2017-07-24T05:13:06Z,94,ijnmoztflr.bqs,2
2017-07-24T12:15:56Z,96,mnipcdfsy.gzv,2
2017-07-14T10:20:34Z,29,tij.ien,2
2017-07-14T10:26:06Z,52,gwfpmdb.txe,2
2017-07-14T10:57:55Z,6,ovi.wnm,2
2017-07-14T11:03:24Z,153,zqebujwmsa.reh,2
2017-07-15T17:10:24Z,66,kbali.ots,2
2017-07-15T21:36:13Z,154,pbroy.yji,2
2017-07-17T05:10:10Z,117,yvqf.moz,2
2017-07-18T08:31:29Z,32,myxnvledtq.ulk,2
2017-07-20T22:53:03Z,50,igyzp.sap,2
2017-07-14T11:08:23Z,106,m.qvf,2
2017-07-23T12:27:48Z,68,aqi.smd,2
2017-07-24T12:04:05Z,90,ivhza.xbn,2
2017-07-14T12:46:56Z,118,mjybaw.oeu,2
2017-07-21T11:19:28Z,150,eqgtpk.mtn,2
2017-07-14T13:45:27Z,51,iezbycswfp.mkz,2
2017-07-14T10:16:33Z,114,qbdonh.sbz,2
2017-07-14T12:23:11Z,157,tkxfoqw.bqd,2
2017-07-14T13:53:07Z,10,qmlo.uik,2
2017-07-14T10:47:01Z,158,dn.xse,2
2017-07-14T11:36:40Z,124,p.wzl,2
2017-07-16T06:21:53Z,151,krt.pqt,2
2017-07-14T11:54:40Z,55,vb.ugf,2
2017-07-18T15:16:18Z,133,crmyxe.jzp,2
2017-07-14T10:11:26Z,58,axgbosdlp.crs,2
2017-07-14T10:58:33Z,20,qczehum.pme,2
2017-07-14T11:34:02Z,15,rxuifogp.ztl,2
2017-07-14T11:41:02Z,22,mpt.pjl,2
2017-07-14T14:17:54Z,164,e.crh,2
2017-07-14T16:34:07Z,12,ipyga.srf,2
2017-07-15T07:40:28Z,123,nzbuapyqmc.pyo,2
2017-07-14T10:12:02Z,7,jah.gib,2
2017-07-14T11:44:26Z,99,juarpq.cqv,2
2017-07-14T09:57:40Z,163,dbx.mnz,2
2017-07-14T11:29:53Z,11,vszkjdxc.vjq,2
2017-07-17T14:53:01Z,148,b.dvj,2
2017-07-14T12:00:25Z,21,y.ioy,2
2017-07-14T21:32:45Z,60,hjcuolnb.jmc,2
2017-07-17T15:48:49Z,27,qwuglceyt.vdr,2
2017-07-14T10:39:17Z,85,dxo.rev,2
2017-07-14T10:27:21Z,104,ahioeypb.ebv,2
2017-07-14T10:42:29Z,1,bfjvn.ngl,2
2017-07-14T10:39:48Z,13,wcjstn.fhr,2
2017-07-16T10:05:26Z,25,uew.jdn,2
2017-07-17T14:48:16Z,134,k.rme,2
2017-07-14T12:04:21Z,44,tx.lyq,2
2017-07-15T07:02:04Z,18,vw.qfb,2
2017-07-14T10:13:54Z,110,wftikhlrjb.yre,2
2017-07-14T11:22:33Z,63,algod.nwr,2
2017-07-14T12:40:16Z,67,jztywpxou.grs,2
2017-07-14T13:00:08Z,98,ryem.pvy,2
2017-07-14T13:38:28Z,56,oqwrxipszb.izv,2
2017-07-14T17:39:01Z,109,absnqvr.ptd,2
2017-07-14T18:43:01Z,69,ey.swg,2
2017-07-14T23:32:27Z,84,jvimo.mls,2
2017-07-15T12:20:41Z,39,dnwuqshami.lnb,2
2017-07-17T09:55:34Z,9,fvojp.ouh,2
2017-07-17T01:19:09Z,161,dxknyra.qhu,2
2017-07-15T18:00:48Z,149,ykmgucni.gmk,2
2017-07-14T10:22:35Z,77,eg.kre,2
2017-07-14T16:03:17Z,61,okuz.qfb,2
2017-07-14T13:41:08Z,72,nlwvcob.gox,2
2017-07-14T10:59:18Z,65,ajo.ynt,2
2017-07-14T17:52:47Z,92,bzywthdvrn.oqv,2
2017-07-14T10:02:49Z,16,bpf.dnq,2
2017-07-16T02:29:45Z,112,aidv.gtf,2
2017-07-20T23:05:57Z,57,qhkfwa.hpb,2
2017-07-14T10:32:55Z,113,h.iam,2
2017-07-18T15:39:34Z,129,ydxchrtu.ovl,2
2017-07-14T11:16:12Z,62,tgbklo.lys,2
2017-07-17T17:53:43Z,28,zoaj.rmc,2
2017-07-14T10:51:14Z,165,pcagl.ais,2
2017-07-14T11:36:18Z,122,sqm.ufp,2
2017-07-14T14:09:58Z,17,d.brn,2
2017-07-15T22:49:08Z,47,pvcfyxwi.skt,2
2017-07-16T12:04:23Z,59,yvsnfxrp.pyc,2
2017-07-17T10:45:31Z,2,g.mis,2
2017-07-18T15:24:48Z,37,juwgzfp.dti,2
2017-07-18T19:39:40Z,143,twe.amw,2
2017-07-14T10:08:56Z,48,mh.ngr,2
2017-07-14T15:55:26Z,105,wv.kng,2
2017-07-14T10:03:37Z,26,mvz.jzx,2
2017-07-14T13:09:21Z,160,ytovxfa.adx,2
2017-07-15T14:11:37Z,36,eztsb.ixl,2
2017-07-14T10:23:51Z,74,xcowlrbmha.wbp,2
2017-07-14T14:33:30Z,91,b.jan,2
2017-07-18T09:44:43Z,125,unmfqgeiac.clm,2
2017-07-14T10:09:14Z,33,e.web,2
2017-07-14T16:21:57Z,70,l.zar,2
2017-07-19T14:39:50Z,155,fk.iva,2
2017-07-14T10:23:21Z,38,nw.ids,2
2017-07-14T11:05:51Z,152,ftxl.bzt,2
2017-07-14T10:02:41Z,34,n.htu,2
2017-07-14T16:24:55Z,71,elzjq.wyo,2
2017-07-14T17:44:35Z,135,l.rsp,2
2017-07-15T14:04:16Z,130,mc.yip,2
2017-07-14T09:59:47Z,139,wxvl.jca,2
2017-07-14T10:38:42Z,73,ouktfgjw.nqx,2
2017-07-14T11:49:00Z,128,xze.amv,2
2017-07-14T11:07:33Z,119,gp.sin,2
2017-07-14T11:38:24Z,83,ohnbvw.mue,2
2017-07-14T11:18:49Z,145,nxrjltm.zjm,2
2017-07-14T11:53:34Z,147,fcrvoheynm.ohg,2
2017-07-14T10:11:07Z,80,vqfr.yxm,2
2017-07-14T10:00:37Z,131,ijevtudp.zik,2
2017-07-14T12:21:27Z,97,wvjqiakbrg.yce,2
2017-07-16T16:34:45Z,35,aq.acu,2
2017-07-14T10:46:00Z,127,zyr.qdg,2
2017-07-14T12:50:44Z,49,n.ylu,2
2017-07-14T20:03:03Z,14,lmeu.phu,2
2017-07-14T10:04:49Z,166,qtwigb.okl,2
2017-07-14T12:27:45Z,3,cshaojxbdy.tzf,2
2017-07-20T17:53:32Z,141,f.lpt,2
2017-07-14T12:56:12Z,4,r.jsf,2
2017-07-25T21:54:39Z,81,i.srw,2
2017-07-14T10:23:20Z,121,czhtr.wnb,2
2017-07-15T11:11:24Z,8,xluahkmtr.slt,2
2017-07-16T23:48:59Z,108,iyvd.pky,2
2017-07-17T15:01:06Z,116,ktc.mua,2
2017-07-16T13:31:09Z,41,bg.rlf,2
2017-07-14T10:26:33Z,111,kach.zcn,2
2017-07-14T11:21:56Z,140,gynjetibx.chw,2
2017-07-14T16:08:59Z,75,ovkqjceham.gac,2
2017-07-15T15:36:09Z,30,nsje.voa,2
2017-07-14T12:37:45Z,100,bnwq.kjq,2
2017-07-16T12:52:37Z,86,m.zrh,2
2017-07-20T10:09:28Z,46,na.wvz,2
2017-07-14T10:19:09Z,120,hpm.lir,2
2017-07-16T10:19:13Z,40,iodwhr.wnk,2
2017-07-14T09:59:28Z,138,b.mqc,2
2017-07-15T00:01:27Z,88,qadvb.nwg,2
2017-07-14T10:19:32Z,95,pvlhrsdob.igv,2
2017-07-14T14:59:34Z,5,bmkzip.wjp,2
2017-07-14T19:35:47Z,142,dux.mcb,2
2017-07-14T22:21:10Z,87,gjdsnikub.zbk,2
2017-07-26T10:46:41Z,159,tnr.crl,2
2017-07-28T14:38:04Z,43,qhpe.rqh,2
